{
	"index": [
		0,
		-0.0017899999999999999,
		0.010370000000000001,
		0.0024099999999999998,
		0.01644,
		0.018489999999999999,
		0.00042000000000000002,
		0.0087600000000000004,
		0.00025000000000000001,
		0.0032100000000000002,
		0.0047299999999999998,
		0.00247,
		0.0045599999999999998,
		0.00101,
		0.0083899999999999998,
		0.012670000000000001,
		0.0029199999999999999,
		0.011010000000000001,
		0.02078],

	"projectionMin": [
		0,
		-0.00197899999999999999,
		0.000942000000000000002,
		0.001901,
		0.002947,
		0.00294099999999999998,
		0.000925000000000000001,
		0.00392100000000000002,
		0.00497299999999999998,
		0.00299199999999999999,
		0.00495599999999999998,
		0.00893899999999999998,
		0.00897600000000000004,
		0.0109370000000000001,
		0.0119010000000000001,
		0.0129670000000000001,
		0.016944,
		0.0189489999999999999,
		0.020978],
	
	"projection": [
		0,
		-0.0017899999999999999,
		0.010370000000000001,
		0.0024099999999999998,
		0.01644,
		0.018489999999999999,
		0.00042000000000000002,
		0.0087600000000000004,
		0.00025000000000000001,
		0.0032100000000000002,
		0.0047299999999999998,
		0.00247,
		0.0045599999999999998,
		0.00101,
		0.0083899999999999998,
		0.012670000000000001,
		0.0029199999999999999,
		0.011010000000000001,
		0.02078],

	"portfolio": [
		0,
		-0.0017899999999999999,
		0.00042000000000000002,
		0.00101,
		0.00247,
		0.0024099999999999998,
		0.00025000000000000001,
		0.0032100000000000002,
		0.0047299999999999998,
		0.0029199999999999999,
		0.0045599999999999998,
		0.0083899999999999998,
		0.0087600000000000004,
		0.010370000000000001,
		0.011010000000000001,
		0.012670000000000001,
		0.01644,
		0.018489999999999999,
		0.02078],

	"projectionMax": [
		0,
		-0.0017899999999999999,
		0.010370000000000001,
		0.0024099999999999998,
		0.01644,
		0.018489999999999999,
		0.00042000000000000002,
		0.0087600000000000004,
		0.00025000000000000001,
		0.0032100000000000002,
		0.0047299999999999998,
		0.00247,
		0.0045599999999999998,
		0.00101,
		0.0083899999999999998,
		0.012670000000000001,
		0.0029199999999999999,
		0.011010000000000001,
		0.02078],
}